user_genome	classification	fastani_reference	fastani_reference_radius	fastani_taxonomy	fastani_ani	fastani_af	closest_placement_reference	closest_placement_radius	closest_placement_taxonomy	closest_placement_ani	closest_placement_af	pplacer_taxonomy	classification_method	note	other_related_references(genome_id,species_name,radius,ANI,AF)	msa_percent	translation_table	red_value	warnings
Aciduliprofundum_boonei_T469_genomic	d__Archaea;p__Thermoplasmatota;c__Thermoplasmata;o__Aciduliprofundales;f__Aciduliprofundaceae;g__Aciduliprofundum;s__Aciduliprofundum boonei	GCF_000025665.1	95.0	d__Archaea;p__Thermoplasmatota;c__Thermoplasmata;o__Aciduliprofundales;f__Aciduliprofundaceae;g__Aciduliprofundum;s__Aciduliprofundum boonei	100.0	0.998	N/A	N/A	N/A	N/A	N/A	N/A	ani_screen	classification based on ANI only	N/A	N/A	N/A	N/A	N/A
Aciduliprofundum_sp_MAR08-339_genomic	d__Archaea;p__Thermoplasmatota;c__Thermoplasmata;o__Aciduliprofundales;f__Aciduliprofundaceae;g__Aciduliprofundum;s__Aciduliprofundum sp000327505	GCF_000327505.1	95.0	d__Archaea;p__Thermoplasmatota;c__Thermoplasmata;o__Aciduliprofundales;f__Aciduliprofundaceae;g__Aciduliprofundum;s__Aciduliprofundum sp000327505	100.0	0.996	N/A	N/A	N/A	N/A	N/A	N/A	ani_screen	classification based on ANI only	N/A	N/A	N/A	N/A	N/A
Aeropyrum_camini_SY1_JCM_12091_genomic	d__Archaea;p__Thermoproteota;c__Thermoproteia;o__Sulfolobales;f__Acidilobaceae;g__Aeropyrum;s__Aeropyrum camini	GCF_000591035.1	95.0	d__Archaea;p__Thermoproteota;c__Thermoproteia;o__Sulfolobales;f__Acidilobaceae;g__Aeropyrum;s__Aeropyrum camini	100.0	1.0	N/A	N/A	N/A	N/A	N/A	N/A	ani_screen	classification based on ANI only	N/A	N/A	N/A	N/A	N/A
Aeropyrum_pernix_K1_genomic	d__Archaea;p__Thermoproteota;c__Thermoproteia;o__Sulfolobales;f__Acidilobaceae;g__Aeropyrum;s__Aeropyrum pernix	GCF_000011125.1	95.0	d__Archaea;p__Thermoproteota;c__Thermoproteia;o__Sulfolobales;f__Acidilobaceae;g__Aeropyrum;s__Aeropyrum pernix	100.0	1.0	N/A	N/A	N/A	N/A	N/A	N/A	ani_screen	classification based on ANI only	N/A	N/A	N/A	N/A	N/A
Archaeoglobus_fulgidus_DSM_4304_genomic	d__Archaea;p__Halobacteriota;c__Archaeoglobi;o__Archaeoglobales;f__Archaeoglobaceae;g__Archaeoglobus;s__Archaeoglobus fulgidus	GCF_000008665.1	95.0	d__Archaea;p__Halobacteriota;c__Archaeoglobi;o__Archaeoglobales;f__Archaeoglobaceae;g__Archaeoglobus;s__Archaeoglobus fulgidus	100.0	1.0	N/A	N/A	N/A	N/A	N/A	N/A	ani_screen	classification based on ANI only	N/A	N/A	N/A	N/A	N/A
Archaeoglobus_fulgidus_DSM_8774_genomic	d__Archaea;p__Halobacteriota;c__Archaeoglobi;o__Archaeoglobales;f__Archaeoglobaceae;g__Archaeoglobus;s__Archaeoglobus fulgidus	GCF_000008665.1	95.0	d__Archaea;p__Halobacteriota;c__Archaeoglobi;o__Archaeoglobales;f__Archaeoglobaceae;g__Archaeoglobus;s__Archaeoglobus fulgidus	99.5	0.948	N/A	N/A	N/A	N/A	N/A	N/A	ani_screen	classification based on ANI only	N/A	N/A	N/A	N/A	N/A
Archaeoglobus_profundus_DSM_5631_genomic	d__Archaea;p__Halobacteriota;c__Archaeoglobi;o__Archaeoglobales;f__Archaeoglobaceae;g__Archaeoglobus_B;s__Archaeoglobus_B profundus	GCF_000025285.1	95.0	d__Archaea;p__Halobacteriota;c__Archaeoglobi;o__Archaeoglobales;f__Archaeoglobaceae;g__Archaeoglobus_B;s__Archaeoglobus_B profundus	100.0	0.998	N/A	N/A	N/A	N/A	N/A	N/A	ani_screen	classification based on ANI only	N/A	N/A	N/A	N/A	N/A
Archaeoglobus_veneficus_SNP6_genomic	d__Archaea;p__Halobacteriota;c__Archaeoglobi;o__Archaeoglobales;f__Archaeoglobaceae;g__Archaeoglobus_C;s__Archaeoglobus_C veneficus	GCF_000194625.1	95.0	d__Archaea;p__Halobacteriota;c__Archaeoglobi;o__Archaeoglobales;f__Archaeoglobaceae;g__Archaeoglobus_C;s__Archaeoglobus_C veneficus	100.0	1.0	N/A	N/A	N/A	N/A	N/A	N/A	ani_screen	classification based on ANI only	N/A	N/A	N/A	N/A	N/A
Candidatus_Nitrosoarchaeum_limnia_SFB1_genomic	d__Archaea;p__Thermoproteota;c__Nitrososphaeria;o__Nitrososphaerales;f__Nitrosopumilaceae;g__Nitrosarchaeum;s__Nitrosarchaeum limnae	GCA_000204585.1	95.0	d__Archaea;p__Thermoproteota;c__Nitrososphaeria;o__Nitrososphaerales;f__Nitrosopumilaceae;g__Nitrosarchaeum;s__Nitrosarchaeum limnae	100.0	0.995	N/A	N/A	N/A	N/A	N/A	N/A	ani_screen	classification based on ANI only	N/A	N/A	N/A	N/A	N/A
Candidatus_Nitrosopelagicus_brevis_CN25_genomic	d__Archaea;p__Thermoproteota;c__Nitrososphaeria;o__Nitrososphaerales;f__Nitrosopumilaceae;g__Nitrosopelagicus;s__Nitrosopelagicus brevis	GCF_000812185.1	95.0	d__Archaea;p__Thermoproteota;c__Nitrososphaeria;o__Nitrososphaerales;f__Nitrosopumilaceae;g__Nitrosopelagicus;s__Nitrosopelagicus brevis	100.0	1.0	N/A	N/A	N/A	N/A	N/A	N/A	ani_screen	classification based on ANI only	N/A	N/A	N/A	N/A	N/A
Candidatus_Nitrosopumilus_koreensis_AR1_genomic	d__Archaea;p__Thermoproteota;c__Nitrososphaeria;o__Nitrososphaerales;f__Nitrosopumilaceae;g__Nitrosopumilus;s__Nitrosopumilus koreensis	GCF_000299365.1	95.0	d__Archaea;p__Thermoproteota;c__Nitrososphaeria;o__Nitrososphaerales;f__Nitrosopumilaceae;g__Nitrosopumilus;s__Nitrosopumilus koreensis	100.0	1.0	N/A	N/A	N/A	N/A	N/A	N/A	ani_screen	classification based on ANI only	N/A	N/A	N/A	N/A	N/A
Candidatus_Nitrosopumilus_sp_AR2_genomic	d__Archaea;p__Thermoproteota;c__Nitrososphaeria;o__Nitrososphaerales;f__Nitrosopumilaceae;g__Nitrosopumilus;s__Nitrosopumilus sediminis	GCF_000299395.1	95.0	d__Archaea;p__Thermoproteota;c__Nitrososphaeria;o__Nitrososphaerales;f__Nitrosopumilaceae;g__Nitrosopumilus;s__Nitrosopumilus sediminis	100.0	1.0	N/A	N/A	N/A	N/A	N/A	N/A	ani_screen	classification based on ANI only	N/A	N/A	N/A	N/A	N/A
Candidatus_Nitrosopumilus_sp_D3C_genomic	d__Archaea;p__Thermoproteota;c__Nitrososphaeria;o__Nitrososphaerales;f__Nitrosopumilaceae;g__Nitrosopumilus;s__Nitrosopumilus piranensis	GCF_000875775.1	95.0	d__Archaea;p__Thermoproteota;c__Nitrososphaeria;o__Nitrososphaerales;f__Nitrosopumilaceae;g__Nitrosopumilus;s__Nitrosopumilus piranensis	100.0	1.0	N/A	N/A	N/A	N/A	N/A	N/A	ani_screen	classification based on ANI only	N/A	N/A	N/A	N/A	N/A
Candidatus_Nitrosopumilus_sp_NF5_genomic	d__Archaea;p__Thermoproteota;c__Nitrososphaeria;o__Nitrososphaerales;f__Nitrosopumilaceae;g__Nitrosopumilus;s__Nitrosopumilus adriaticus	GCF_000956175.1	95.0	d__Archaea;p__Thermoproteota;c__Nitrososphaeria;o__Nitrososphaerales;f__Nitrosopumilaceae;g__Nitrosopumilus;s__Nitrosopumilus adriaticus	100.0	1.0	N/A	N/A	N/A	N/A	N/A	N/A	ani_screen	classification based on ANI only	N/A	N/A	N/A	N/A	N/A
Cenarchaeum_symbiosum_A_genomic	d__Archaea;p__Thermoproteota;c__Nitrososphaeria;o__Nitrososphaerales;f__Nitrosopumilaceae;g__Cenarchaeum;s__Cenarchaeum symbiosum	GCA_000200715.1	95.0	d__Archaea;p__Thermoproteota;c__Nitrososphaeria;o__Nitrososphaerales;f__Nitrosopumilaceae;g__Cenarchaeum;s__Cenarchaeum symbiosum	100.0	1.0	N/A	N/A	N/A	N/A	N/A	N/A	ani_screen	classification based on ANI only	N/A	N/A	N/A	N/A	N/A
Ferroglobus_placidus_DSM_10642_genomic	d__Archaea;p__Halobacteriota;c__Archaeoglobi;o__Archaeoglobales;f__Archaeoglobaceae;g__Ferroglobus;s__Ferroglobus placidus	GCF_000025505.1	95.0	d__Archaea;p__Halobacteriota;c__Archaeoglobi;o__Archaeoglobales;f__Archaeoglobaceae;g__Ferroglobus;s__Ferroglobus placidus	100.0	1.0	N/A	N/A	N/A	N/A	N/A	N/A	ani_screen	classification based on ANI only	N/A	N/A	N/A	N/A	N/A
Geoglobus_acetivorans_SBH6_genomic	d__Archaea;p__Halobacteriota;c__Archaeoglobi;o__Archaeoglobales;f__Archaeoglobaceae;g__Geoglobus;s__Geoglobus acetivorans	GCA_000789255.1	95.0	d__Archaea;p__Halobacteriota;c__Archaeoglobi;o__Archaeoglobales;f__Archaeoglobaceae;g__Geoglobus;s__Geoglobus acetivorans	100.0	1.0	N/A	N/A	N/A	N/A	N/A	N/A	ani_screen	classification based on ANI only	N/A	N/A	N/A	N/A	N/A
Geoglobus_ahangari_strain_234_genomic	d__Archaea;p__Halobacteriota;c__Archaeoglobi;o__Archaeoglobales;f__Archaeoglobaceae;g__Geoglobus;s__Geoglobus ahangari	GCF_001006045.1	95.0	d__Archaea;p__Halobacteriota;c__Archaeoglobi;o__Archaeoglobales;f__Archaeoglobaceae;g__Geoglobus;s__Geoglobus ahangari	100.0	1.0	N/A	N/A	N/A	N/A	N/A	N/A	ani_screen	classification based on ANI only	N/A	N/A	N/A	N/A	N/A
Halanaeroarchaeum_sulfurireducens_strain_M27-SA2_genomic	d__Archaea;p__Halobacteriota;c__Halobacteria;o__Halobacteriales;f__Halobacteriaceae;g__Halanaeroarchaeum;s__Halanaeroarchaeum sulfurireducens	GCF_001011115.1	95.0	d__Archaea;p__Halobacteriota;c__Halobacteria;o__Halobacteriales;f__Halobacteriaceae;g__Halanaeroarchaeum;s__Halanaeroarchaeum sulfurireducens	99.92	0.996	N/A	N/A	N/A	N/A	N/A	N/A	ani_screen	classification based on ANI only	N/A	N/A	N/A	N/A	N/A
Haloarcula_hispanica_ATCC_33960_genomic	d__Archaea;p__Halobacteriota;c__Halobacteria;o__Halobacteriales;f__Haloarculaceae;g__Haloarcula;s__Haloarcula hispanica	GCF_000223905.1	95.3005	d__Archaea;p__Halobacteriota;c__Halobacteria;o__Halobacteriales;f__Haloarculaceae;g__Haloarcula;s__Haloarcula hispanica	100.0	0.999	N/A	N/A	N/A	N/A	N/A	N/A	ani_screen	classification based on ANI only	GCF_000336615.1, s__Haloarcula amylolytica, 95.3005, 95.3, 0.904	N/A	N/A	N/A	N/A
Haloarcula_sp_CBA1115_genomic	d__Archaea;p__Halobacteriota;c__Halobacteria;o__Halobacteriales;f__Haloarculaceae;g__Haloarcula;s__Haloarcula hispanica	GCF_000223905.1	95.3005	d__Archaea;p__Halobacteriota;c__Halobacteria;o__Halobacteriales;f__Haloarculaceae;g__Haloarcula;s__Haloarcula hispanica	98.54	0.948	N/A	N/A	N/A	N/A	N/A	N/A	ani_screen	classification based on ANI only	GCF_000336615.1, s__Haloarcula amylolytica, 95.3005, 95.38, 0.862	N/A	N/A	N/A	N/A
Haloferax_gibbonsii_strain_ARA6_genomic	d__Archaea;p__Halobacteriota;c__Halobacteria;o__Halobacteriales;f__Haloferacaceae;g__Haloferax;s__Haloferax gibbonsii	GCF_000336775.1	96.8304	d__Archaea;p__Halobacteriota;c__Halobacteria;o__Halobacteriales;f__Haloferacaceae;g__Haloferax;s__Haloferax gibbonsii	99.06	0.906	N/A	N/A	N/A	N/A	N/A	N/A	ani_screen	classification based on ANI only	N/A	N/A	N/A	N/A	N/A
Haloferax_mediterranei_ATCC_33500_genomic	d__Archaea;p__Halobacteriota;c__Halobacteria;o__Halobacteriales;f__Haloferacaceae;g__Haloferax;s__Haloferax mediterranei	GCF_000306765.2	95.0	d__Archaea;p__Halobacteriota;c__Halobacteria;o__Halobacteriales;f__Haloferacaceae;g__Haloferax;s__Haloferax mediterranei	100.0	1.0	N/A	N/A	N/A	N/A	N/A	N/A	ani_screen	classification based on ANI only	N/A	N/A	N/A	N/A	N/A
Halogeometricum_borinquense_DSM_11551_genomic	d__Archaea;p__Halobacteriota;c__Halobacteria;o__Halobacteriales;f__Haloferacaceae;g__Halogeometricum;s__Halogeometricum borinquense	GCF_000172995.2	95.0	d__Archaea;p__Halobacteriota;c__Halobacteria;o__Halobacteriales;f__Haloferacaceae;g__Halogeometricum;s__Halogeometricum borinquense	100.0	0.999	N/A	N/A	N/A	N/A	N/A	N/A	ani_screen	classification based on ANI only	N/A	N/A	N/A	N/A	N/A
Halolamina_sediminis_strain_halo7_genomic	d__Archaea;p__Halobacteriota;c__Halobacteria;o__Halobacteriales;f__Haloferacaceae;g__Halolamina;s__Halolamina sediminis	GCF_001282785.1	95.0	d__Archaea;p__Halobacteriota;c__Halobacteria;o__Halobacteriales;f__Haloferacaceae;g__Halolamina;s__Halolamina sediminis	100.0	1.0	N/A	N/A	N/A	N/A	N/A	N/A	ani_screen	classification based on ANI only	N/A	N/A	N/A	N/A	N/A
Haloquadratum_walsbyi_C23_genomic	d__Archaea;p__Halobacteriota;c__Halobacteria;o__Halobacteriales;f__Haloferacaceae;g__Haloquadratum;s__Haloquadratum walsbyi	GCF_000237865.1	95.0	d__Archaea;p__Halobacteriota;c__Halobacteria;o__Halobacteriales;f__Haloferacaceae;g__Haloquadratum;s__Haloquadratum walsbyi	100.0	1.0	N/A	N/A	N/A	N/A	N/A	N/A	ani_screen	classification based on ANI only	N/A	N/A	N/A	N/A	N/A
Haloquadratum_walsbyi_DSM_16790_genomic	d__Archaea;p__Halobacteriota;c__Halobacteria;o__Halobacteriales;f__Haloferacaceae;g__Haloquadratum;s__Haloquadratum walsbyi	GCF_000237865.1	95.0	d__Archaea;p__Halobacteriota;c__Halobacteria;o__Halobacteriales;f__Haloferacaceae;g__Haloquadratum;s__Haloquadratum walsbyi	97.91	0.858	N/A	N/A	N/A	N/A	N/A	N/A	ani_screen	classification based on ANI only	N/A	N/A	N/A	N/A	N/A
Halorhabdus_tiamatea_SARL4B_genomic	d__Archaea;p__Halobacteriota;c__Halobacteria;o__Halobacteriales;f__Haloarculaceae;g__Halorhabdus;s__Halorhabdus tiamatea	GCF_000470655.1	95.0	d__Archaea;p__Halobacteriota;c__Halobacteria;o__Halobacteriales;f__Haloarculaceae;g__Halorhabdus;s__Halorhabdus tiamatea	100.0	1.0	N/A	N/A	N/A	N/A	N/A	N/A	ani_screen	classification based on ANI only	N/A	N/A	N/A	N/A	N/A
Hyperthermus_butylicus_DSM_5456_genomic	d__Archaea;p__Thermoproteota;c__Thermoproteia;o__Sulfolobales;f__Pyrodictiaceae;g__Hyperthermus;s__Hyperthermus butylicus	GCF_000015145.1	95.0	d__Archaea;p__Thermoproteota;c__Thermoproteia;o__Sulfolobales;f__Pyrodictiaceae;g__Hyperthermus;s__Hyperthermus butylicus	100.0	1.0	N/A	N/A	N/A	N/A	N/A	N/A	ani_screen	classification based on ANI only	N/A	N/A	N/A	N/A	N/A
Ignicoccus_hospitalis_KIN4_I_genomic	d__Archaea;p__Thermoproteota;c__Thermoproteia;o__Sulfolobales;f__Ignicoccaceae;g__Ignicoccus_A;s__Ignicoccus_A hospitalis	GCF_000017945.1	95.0	d__Archaea;p__Thermoproteota;c__Thermoproteia;o__Sulfolobales;f__Ignicoccaceae;g__Ignicoccus_A;s__Ignicoccus_A hospitalis	100.0	1.0	N/A	N/A	N/A	N/A	N/A	N/A	ani_screen	classification based on ANI only	N/A	N/A	N/A	N/A	N/A
Ignicoccus_islandicus_DSM_13165_genomic	d__Archaea;p__Thermoproteota;c__Thermoproteia;o__Sulfolobales;f__Ignicoccaceae;g__Ignicoccus;s__Ignicoccus islandicus	GCF_001481685.1	95.0	d__Archaea;p__Thermoproteota;c__Thermoproteia;o__Sulfolobales;f__Ignicoccaceae;g__Ignicoccus;s__Ignicoccus islandicus	100.0	1.0	N/A	N/A	N/A	N/A	N/A	N/A	ani_screen	classification based on ANI only	N/A	N/A	N/A	N/A	N/A
Methanocaldococcus_fervens_AG86_genomic	d__Archaea;p__Methanobacteriota_A;c__Methanococci;o__Methanococcales;f__Methanocaldococcaceae;g__Methanocaldococcus;s__Methanocaldococcus fervens	GCF_000023985.1	95.0	d__Archaea;p__Methanobacteriota_A;c__Methanococci;o__Methanococcales;f__Methanocaldococcaceae;g__Methanocaldococcus;s__Methanocaldococcus fervens	100.0	0.998	N/A	N/A	N/A	N/A	N/A	N/A	ani_screen	classification based on ANI only	N/A	N/A	N/A	N/A	N/A
Methanocaldococcus_infernus_ME_genomic	d__Archaea;p__Methanobacteriota_A;c__Methanococci;o__Methanococcales;f__Methanocaldococcaceae;g__Methanocaldococcus_A;s__Methanocaldococcus_A infernus	GCF_000092305.1	95.0	d__Archaea;p__Methanobacteriota_A;c__Methanococci;o__Methanococcales;f__Methanocaldococcaceae;g__Methanocaldococcus_A;s__Methanocaldococcus_A infernus	100.0	1.0	N/A	N/A	N/A	N/A	N/A	N/A	ani_screen	classification based on ANI only	N/A	N/A	N/A	N/A	N/A
Methanocaldococcus_jannaschii_DSM_2661_genomic	d__Archaea;p__Methanobacteriota_A;c__Methanococci;o__Methanococcales;f__Methanocaldococcaceae;g__Methanocaldococcus;s__Methanocaldococcus jannaschii	GCF_000091665.1	95.0	d__Archaea;p__Methanobacteriota_A;c__Methanococci;o__Methanococcales;f__Methanocaldococcaceae;g__Methanocaldococcus;s__Methanocaldococcus jannaschii	100.0	1.0	N/A	N/A	N/A	N/A	N/A	N/A	ani_screen	classification based on ANI only	N/A	N/A	N/A	N/A	N/A
Methanocaldococcus_sp_FS406-22_genomic	d__Archaea;p__Methanobacteriota_A;c__Methanococci;o__Methanococcales;f__Methanocaldococcaceae;g__Methanocaldococcus;s__Methanocaldococcus sp000025525	GCF_000025525.1	95.0	d__Archaea;p__Methanobacteriota_A;c__Methanococci;o__Methanococcales;f__Methanocaldococcaceae;g__Methanocaldococcus;s__Methanocaldococcus sp000025525	100.0	1.0	N/A	N/A	N/A	N/A	N/A	N/A	ani_screen	classification based on ANI only	N/A	N/A	N/A	N/A	N/A
Methanocaldococcus_sp_JH146_genomic	d__Archaea;p__Methanobacteriota_A;c__Methanococci;o__Methanococcales;f__Methanocaldococcaceae;g__Methanocaldococcus;s__Methanocaldococcus bathoardescens	GCF_000739065.1	95.0	d__Archaea;p__Methanobacteriota_A;c__Methanococci;o__Methanococcales;f__Methanocaldococcaceae;g__Methanocaldococcus;s__Methanocaldococcus bathoardescens	100.0	1.0	N/A	N/A	N/A	N/A	N/A	N/A	ani_screen	classification based on ANI only	N/A	N/A	N/A	N/A	N/A
Methanocaldococcus_vulcanius_M7_genomic	d__Archaea;p__Methanobacteriota_A;c__Methanococci;o__Methanococcales;f__Methanocaldococcaceae;g__Methanocaldococcus;s__Methanocaldococcus vulcanius	GCF_000024625.1	95.0	d__Archaea;p__Methanobacteriota_A;c__Methanococci;o__Methanococcales;f__Methanocaldococcaceae;g__Methanocaldococcus;s__Methanocaldococcus vulcanius	100.0	1.0	N/A	N/A	N/A	N/A	N/A	N/A	ani_screen	classification based on ANI only	N/A	N/A	N/A	N/A	N/A
Methanococcoides_methylutens_MM1_genomic	d__Archaea;p__Halobacteriota;c__Methanosarcinia;o__Methanosarcinales;f__Methanosarcinaceae;g__Methanococcoides;s__Methanococcoides methylutens_A	GCF_000970325.1	95.0	d__Archaea;p__Halobacteriota;c__Methanosarcinia;o__Methanosarcinales;f__Methanosarcinaceae;g__Methanococcoides;s__Methanococcoides methylutens_A	100.0	1.0	N/A	N/A	N/A	N/A	N/A	N/A	ani_screen	classification based on ANI only	N/A	N/A	N/A	N/A	N/A
Methanococcus_aeolicus_Nankai-3_genomic	d__Archaea;p__Methanobacteriota_A;c__Methanococci;o__Methanococcales;f__Methanococcaceae;g__Methanothermococcus_A;s__Methanothermococcus_A aeolicus	GCF_000017185.1	95.0	d__Archaea;p__Methanobacteriota_A;c__Methanococci;o__Methanococcales;f__Methanococcaceae;g__Methanothermococcus_A;s__Methanothermococcus_A aeolicus	100.0	1.0	N/A	N/A	N/A	N/A	N/A	N/A	ani_screen	classification based on ANI only	N/A	N/A	N/A	N/A	N/A
Methanococcus_maripaludis_C6_genomic	d__Archaea;p__Methanobacteriota_A;c__Methanococci;o__Methanococcales;f__Methanococcaceae;g__Methanococcus;s__Methanococcus maripaludis_C	GCF_000018485.1	95.0	d__Archaea;p__Methanobacteriota_A;c__Methanococci;o__Methanococcales;f__Methanococcaceae;g__Methanococcus;s__Methanococcus maripaludis_C	100.0	0.998	N/A	N/A	N/A	N/A	N/A	N/A	ani_screen	classification based on ANI only	N/A	N/A	N/A	N/A	N/A
Methanococcus_maripaludis_C7_genomic	d__Archaea;p__Methanobacteriota_A;c__Methanococci;o__Methanococcales;f__Methanococcaceae;g__Methanococcus;s__Methanococcus maripaludis_A	GCF_000017225.1	95.0	d__Archaea;p__Methanobacteriota_A;c__Methanococci;o__Methanococcales;f__Methanococcaceae;g__Methanococcus;s__Methanococcus maripaludis_A	100.0	1.0	N/A	N/A	N/A	N/A	N/A	N/A	ani_screen	classification based on ANI only	N/A	N/A	N/A	N/A	N/A
Methanococcus_maripaludis_S2_genomic	d__Archaea;p__Methanobacteriota_A;c__Methanococci;o__Methanococcales;f__Methanococcaceae;g__Methanococcus;s__Methanococcus maripaludis	GCF_002945325.1	95.0	d__Archaea;p__Methanobacteriota_A;c__Methanococci;o__Methanococcales;f__Methanococcaceae;g__Methanococcus;s__Methanococcus maripaludis	95.84	0.902	N/A	N/A	N/A	N/A	N/A	N/A	ani_screen	classification based on ANI only	N/A	N/A	N/A	N/A	N/A
Methanococcus_maripaludis_X1_genomic	d__Archaea;p__Methanobacteriota_A;c__Methanococci;o__Methanococcales;f__Methanococcaceae;g__Methanococcus;s__Methanococcus maripaludis	GCF_002945325.1	95.0	d__Archaea;p__Methanobacteriota_A;c__Methanococci;o__Methanococcales;f__Methanococcaceae;g__Methanococcus;s__Methanococcus maripaludis	95.53	0.9	N/A	N/A	N/A	N/A	N/A	N/A	ani_screen	classification based on ANI only	N/A	N/A	N/A	N/A	N/A
Methanococcus_vannielii_SB_genomic	d__Archaea;p__Methanobacteriota_A;c__Methanococci;o__Methanococcales;f__Methanococcaceae;g__Methanococcus;s__Methanococcus vannielii	GCF_000017165.1	95.0	d__Archaea;p__Methanobacteriota_A;c__Methanococci;o__Methanococcales;f__Methanococcaceae;g__Methanococcus;s__Methanococcus vannielii	100.0	0.988	N/A	N/A	N/A	N/A	N/A	N/A	ani_screen	classification based on ANI only	N/A	N/A	N/A	N/A	N/A
Methanococcus_voltae_A3_genomic	d__Archaea;p__Methanobacteriota_A;c__Methanococci;o__Methanococcales;f__Methanococcaceae;g__Methanococcus;s__Methanococcus voltae_A	GCF_000006175.1	95.0	d__Archaea;p__Methanobacteriota_A;c__Methanococci;o__Methanococcales;f__Methanococcaceae;g__Methanococcus;s__Methanococcus voltae_A	100.0	0.971	N/A	N/A	N/A	N/A	N/A	N/A	ani_screen	classification based on ANI only	N/A	N/A	N/A	N/A	N/A
Methanoculleus_marisnigri_JR1_genomic	d__Archaea;p__Halobacteriota;c__Methanomicrobia;o__Methanomicrobiales;f__Methanoculleaceae;g__Methanoculleus;s__Methanoculleus marisnigri	GCF_000015825.1	95.0	d__Archaea;p__Halobacteriota;c__Methanomicrobia;o__Methanomicrobiales;f__Methanoculleaceae;g__Methanoculleus;s__Methanoculleus marisnigri	100.0	0.995	N/A	N/A	N/A	N/A	N/A	N/A	ani_screen	classification based on ANI only	N/A	N/A	N/A	N/A	N/A
Methanohalobium_evestigatum_Z-7303_genomic	d__Archaea;p__Halobacteriota;c__Methanosarcinia;o__Methanosarcinales;f__Methanosarcinaceae;g__Methanohalobium;s__Methanohalobium evestigatum	GCF_000196655.1	95.0	d__Archaea;p__Halobacteriota;c__Methanosarcinia;o__Methanosarcinales;f__Methanosarcinaceae;g__Methanohalobium;s__Methanohalobium evestigatum	100.0	1.0	N/A	N/A	N/A	N/A	N/A	N/A	ani_screen	classification based on ANI only	N/A	N/A	N/A	N/A	N/A
Methanohalophilus_halophilus_strain_Z-7982_genomic	d__Archaea;p__Halobacteriota;c__Methanosarcinia;o__Methanosarcinales;f__Methanosarcinaceae;g__Methanohalophilus;s__Methanohalophilus halophilus	GCF_001889405.1	95.0	d__Archaea;p__Halobacteriota;c__Methanosarcinia;o__Methanosarcinales;f__Methanosarcinaceae;g__Methanohalophilus;s__Methanohalophilus halophilus	100.0	0.999	N/A	N/A	N/A	N/A	N/A	N/A	ani_screen	classification based on ANI only	N/A	N/A	N/A	N/A	N/A
Methanoplanus_petrolearius_DSM_11571_genomic	d__Archaea;p__Halobacteriota;c__Methanomicrobia;o__Methanomicrobiales;f__Methanomicrobiaceae;g__Methanolacinia;s__Methanolacinia petrolearia	GCF_000147875.1	95.0	d__Archaea;p__Halobacteriota;c__Methanomicrobia;o__Methanomicrobiales;f__Methanomicrobiaceae;g__Methanolacinia;s__Methanolacinia petrolearia	100.0	1.0	N/A	N/A	N/A	N/A	N/A	N/A	ani_screen	classification based on ANI only	N/A	N/A	N/A	N/A	N/A
Methanopyrus_kandleri_AV19_genomic	d__Archaea;p__Methanobacteriota_A;c__Methanopyri;o__Methanopyrales;f__Methanopyraceae;g__Methanopyrus;s__Methanopyrus kandleri	GCF_000007185.1	95.0	d__Archaea;p__Methanobacteriota_A;c__Methanopyri;o__Methanopyrales;f__Methanopyraceae;g__Methanopyrus;s__Methanopyrus kandleri	100.0	1.0	N/A	N/A	N/A	N/A	N/A	N/A	ani_screen	classification based on ANI only	N/A	N/A	N/A	N/A	N/A
Methanosarcina_acetivorans_C2A_genomic	d__Archaea;p__Halobacteriota;c__Methanosarcinia;o__Methanosarcinales;f__Methanosarcinaceae;g__Methanosarcina;s__Methanosarcina acetivorans	GCF_000007345.1	95.0	d__Archaea;p__Halobacteriota;c__Methanosarcinia;o__Methanosarcinales;f__Methanosarcinaceae;g__Methanosarcina;s__Methanosarcina acetivorans	100.0	1.0	N/A	N/A	N/A	N/A	N/A	N/A	ani_screen	classification based on ANI only	N/A	N/A	N/A	N/A	N/A
Methanosarcina_siciliae_C2J_genomic	d__Archaea;p__Halobacteriota;c__Methanosarcinia;o__Methanosarcinales;f__Methanosarcinaceae;g__Methanosarcina;s__Methanosarcina siciliae	GCF_000970085.1	95.0	d__Archaea;p__Halobacteriota;c__Methanosarcinia;o__Methanosarcinales;f__Methanosarcinaceae;g__Methanosarcina;s__Methanosarcina siciliae	98.18	0.9	N/A	N/A	N/A	N/A	N/A	N/A	ani_screen	classification based on ANI only	N/A	N/A	N/A	N/A	N/A
Methanosarcina_siciliae_HI350_genomic	d__Archaea;p__Halobacteriota;c__Methanosarcinia;o__Methanosarcinales;f__Methanosarcinaceae;g__Methanosarcina;s__Methanosarcina siciliae	GCF_000970085.1	95.0	d__Archaea;p__Halobacteriota;c__Methanosarcinia;o__Methanosarcinales;f__Methanosarcinaceae;g__Methanosarcina;s__Methanosarcina siciliae	99.16	0.93	N/A	N/A	N/A	N/A	N/A	N/A	ani_screen	classification based on ANI only	N/A	N/A	N/A	N/A	N/A
Methanosarcina_siciliae_T4_M_genomic	d__Archaea;p__Halobacteriota;c__Methanosarcinia;o__Methanosarcinales;f__Methanosarcinaceae;g__Methanosarcina;s__Methanosarcina siciliae	GCF_000970085.1	95.0	d__Archaea;p__Halobacteriota;c__Methanosarcinia;o__Methanosarcinales;f__Methanosarcinaceae;g__Methanosarcina;s__Methanosarcina siciliae	100.0	0.999	N/A	N/A	N/A	N/A	N/A	N/A	ani_screen	classification based on ANI only	N/A	N/A	N/A	N/A	N/A
Methanosarcina_sp_MTP4_genomic	d__Archaea;p__Halobacteriota;c__Methanosarcinia;o__Methanosarcinales;f__Methanosarcinaceae;g__MTP4;s__MTP4 sp000970045	GCF_000970045.1	95.0	d__Archaea;p__Halobacteriota;c__Methanosarcinia;o__Methanosarcinales;f__Methanosarcinaceae;g__MTP4;s__MTP4 sp000970045	100.0	0.999	N/A	N/A	N/A	N/A	N/A	N/A	ani_screen	classification based on ANI only	N/A	N/A	N/A	N/A	N/A
Methanosarcina_sp_WH1_genomic	d__Archaea;p__Halobacteriota;c__Methanosarcinia;o__Methanosarcinales;f__Methanosarcinaceae;g__Methanosarcina;s__Methanosarcina sp000969965	GCF_000969965.1	95.0	d__Archaea;p__Halobacteriota;c__Methanosarcinia;o__Methanosarcinales;f__Methanosarcinaceae;g__Methanosarcina;s__Methanosarcina sp000969965	99.47	0.944	N/A	N/A	N/A	N/A	N/A	N/A	ani_screen	classification based on ANI only	N/A	N/A	N/A	N/A	N/A
Methanothermococcus_okinawensis_IH1_genomic	d__Archaea;p__Methanobacteriota_A;c__Methanococci;o__Methanococcales;f__Methanococcaceae;g__Methanothermococcus_A;s__Methanothermococcus_A okinawensis	GCF_000179575.2	95.0	d__Archaea;p__Methanobacteriota_A;c__Methanococci;o__Methanococcales;f__Methanococcaceae;g__Methanothermococcus_A;s__Methanothermococcus_A okinawensis	100.0	0.998	N/A	N/A	N/A	N/A	N/A	N/A	ani_screen	classification based on ANI only	N/A	N/A	N/A	N/A	N/A
Methanotorris_igneus_Kol_5_genomic	d__Archaea;p__Methanobacteriota_A;c__Methanococci;o__Methanococcales;f__Methanococcaceae;g__Methanotorris;s__Methanotorris igneus	GCF_000214415.1	95.0	d__Archaea;p__Methanobacteriota_A;c__Methanococci;o__Methanococcales;f__Methanococcaceae;g__Methanotorris;s__Methanotorris igneus	100.0	1.0	N/A	N/A	N/A	N/A	N/A	N/A	ani_screen	classification based on ANI only	N/A	N/A	N/A	N/A	N/A
Nanoarchaeum_equitans_Kin4-M_genomic	d__Archaea;p__Nanoarchaeota;c__Nanoarchaeia;o__Nanoarchaeales;f__Nanoarchaeaceae;g__Nanoarchaeum;s__Nanoarchaeum equitans	GCA_000008085.1	95.0	d__Archaea;p__Nanoarchaeota;c__Nanoarchaeia;o__Nanoarchaeales;f__Nanoarchaeaceae;g__Nanoarchaeum;s__Nanoarchaeum equitans	100.0	1.0	N/A	N/A	N/A	N/A	N/A	N/A	ani_screen	classification based on ANI only	N/A	N/A	N/A	N/A	N/A
Nanohaloarchaea_archaeon_SG9_genomic	d__Archaea;p__Nanohaloarchaeota;c__Nanosalinia;o__Nanosalinales;f__Nanosalinaceae;g__Nanohalobium;s__Nanohalobium sp001761425	GCA_001761425.1	95.0	d__Archaea;p__Nanohaloarchaeota;c__Nanosalinia;o__Nanosalinales;f__Nanosalinaceae;g__Nanohalobium;s__Nanohalobium sp001761425	100.0	1.0	N/A	N/A	N/A	N/A	N/A	N/A	ani_screen	classification based on ANI only	N/A	N/A	N/A	N/A	N/A
Nitrosopumilus_maritimus_SCM1_genomic	d__Archaea;p__Thermoproteota;c__Nitrososphaeria;o__Nitrososphaerales;f__Nitrosopumilaceae;g__Nitrosopumilus;s__Nitrosopumilus maritimus	GCF_000018465.1	95.0	d__Archaea;p__Thermoproteota;c__Nitrososphaeria;o__Nitrososphaerales;f__Nitrosopumilaceae;g__Nitrosopumilus;s__Nitrosopumilus maritimus	100.0	1.0	N/A	N/A	N/A	N/A	N/A	N/A	ani_screen	classification based on ANI only	N/A	N/A	N/A	N/A	N/A
Palaeococcus_pacificus_DY20341_genomic	d__Archaea;p__Methanobacteriota_B;c__Thermococci;o__Thermococcales;f__Thermococcaceae;g__Palaeococcus;s__Palaeococcus pacificus	GCF_000725425.1	95.0	d__Archaea;p__Methanobacteriota_B;c__Thermococci;o__Thermococcales;f__Thermococcaceae;g__Palaeococcus;s__Palaeococcus pacificus	100.0	1.0	N/A	N/A	N/A	N/A	N/A	N/A	ani_screen	classification based on ANI only	N/A	N/A	N/A	N/A	N/A
Pyrobaculum_aerophilum_str_IM2_genomic	d__Archaea;p__Thermoproteota;c__Thermoproteia;o__Thermoproteales;f__Thermoproteaceae;g__Pyrobaculum;s__Pyrobaculum aerophilum	GCF_000007225.1	95.0	d__Archaea;p__Thermoproteota;c__Thermoproteia;o__Thermoproteales;f__Thermoproteaceae;g__Pyrobaculum;s__Pyrobaculum aerophilum	100.0	1.0	N/A	N/A	N/A	N/A	N/A	N/A	ani_screen	classification based on ANI only	N/A	N/A	N/A	N/A	N/A
Pyrococcus_abyssi_GE5_genomic	d__Archaea;p__Methanobacteriota_B;c__Thermococci;o__Thermococcales;f__Thermococcaceae;g__Pyrococcus;s__Pyrococcus abyssi	GCF_000195935.2	95.0	d__Archaea;p__Methanobacteriota_B;c__Thermococci;o__Thermococcales;f__Thermococcaceae;g__Pyrococcus;s__Pyrococcus abyssi	100.0	1.0	N/A	N/A	N/A	N/A	N/A	N/A	ani_screen	classification based on ANI only	N/A	N/A	N/A	N/A	N/A
Pyrococcus_furiosus_DSM_3638_genomic	d__Archaea;p__Methanobacteriota_B;c__Thermococci;o__Thermococcales;f__Thermococcaceae;g__Pyrococcus;s__Pyrococcus furiosus	GCF_000007305.1	95.0	d__Archaea;p__Methanobacteriota_B;c__Thermococci;o__Thermococcales;f__Thermococcaceae;g__Pyrococcus;s__Pyrococcus furiosus	100.0	1.0	N/A	N/A	N/A	N/A	N/A	N/A	ani_screen	classification based on ANI only	N/A	N/A	N/A	N/A	N/A
Pyrococcus_horikoshii_OT3_genomic	d__Archaea;p__Methanobacteriota_B;c__Thermococci;o__Thermococcales;f__Thermococcaceae;g__Pyrococcus;s__Pyrococcus horikoshii	GCF_000011105.1	95.0	d__Archaea;p__Methanobacteriota_B;c__Thermococci;o__Thermococcales;f__Thermococcaceae;g__Pyrococcus;s__Pyrococcus horikoshii	100.0	1.0	N/A	N/A	N/A	N/A	N/A	N/A	ani_screen	classification based on ANI only	N/A	N/A	N/A	N/A	N/A
Pyrococcus_sp_NA2_genomic	d__Archaea;p__Methanobacteriota_B;c__Thermococci;o__Thermococcales;f__Thermococcaceae;g__Pyrococcus;s__Pyrococcus sp000211475	GCF_000211475.1	95.0	d__Archaea;p__Methanobacteriota_B;c__Thermococci;o__Thermococcales;f__Thermococcaceae;g__Pyrococcus;s__Pyrococcus sp000211475	100.0	1.0	N/A	N/A	N/A	N/A	N/A	N/A	ani_screen	classification based on ANI only	N/A	N/A	N/A	N/A	N/A
Pyrococcus_sp_ST04_genomic	d__Archaea;p__Methanobacteriota_B;c__Thermococci;o__Thermococcales;f__Thermococcaceae;g__Pyrococcus;s__Pyrococcus sp000263735	GCF_000263735.1	95.0	d__Archaea;p__Methanobacteriota_B;c__Thermococci;o__Thermococcales;f__Thermococcaceae;g__Pyrococcus;s__Pyrococcus sp000263735	100.0	1.0	N/A	N/A	N/A	N/A	N/A	N/A	ani_screen	classification based on ANI only	N/A	N/A	N/A	N/A	N/A
Pyrococcus_yayanosii_CH1_genomic	d__Archaea;p__Methanobacteriota_B;c__Thermococci;o__Thermococcales;f__Thermococcaceae;g__Pyrococcus;s__Pyrococcus yayanosii	GCF_000215995.1	95.0	d__Archaea;p__Methanobacteriota_B;c__Thermococci;o__Thermococcales;f__Thermococcaceae;g__Pyrococcus;s__Pyrococcus yayanosii	100.0	1.0	N/A	N/A	N/A	N/A	N/A	N/A	ani_screen	classification based on ANI only	N/A	N/A	N/A	N/A	N/A
Pyrodictium_delaneyi_strain_Su06_genomic	d__Archaea;p__Thermoproteota;c__Thermoproteia;o__Sulfolobales;f__Pyrodictiaceae;g__Pyrodictium;s__Pyrodictium delaneyi	GCF_001412615.1	95.0	d__Archaea;p__Thermoproteota;c__Thermoproteia;o__Sulfolobales;f__Pyrodictiaceae;g__Pyrodictium;s__Pyrodictium delaneyi	100.0	1.0	N/A	N/A	N/A	N/A	N/A	N/A	ani_screen	classification based on ANI only	N/A	N/A	N/A	N/A	N/A
Pyrolobus_fumarii_1A_genomic	d__Archaea;p__Thermoproteota;c__Thermoproteia;o__Sulfolobales;f__Pyrodictiaceae;g__Pyrolobus;s__Pyrolobus fumarii	GCF_000223395.1	95.0	d__Archaea;p__Thermoproteota;c__Thermoproteia;o__Sulfolobales;f__Pyrodictiaceae;g__Pyrolobus;s__Pyrolobus fumarii	100.0	1.0	N/A	N/A	N/A	N/A	N/A	N/A	ani_screen	classification based on ANI only	N/A	N/A	N/A	N/A	N/A
Staphylothermus_hellenicus_DSM_12710_genomic	d__Archaea;p__Thermoproteota;c__Thermoproteia;o__Sulfolobales;f__Desulfurococcaceae;g__Staphylothermus;s__Staphylothermus hellenicus	GCF_000092465.1	95.0	d__Archaea;p__Thermoproteota;c__Thermoproteia;o__Sulfolobales;f__Desulfurococcaceae;g__Staphylothermus;s__Staphylothermus hellenicus	100.0	1.0	N/A	N/A	N/A	N/A	N/A	N/A	ani_screen	classification based on ANI only	N/A	N/A	N/A	N/A	N/A
Staphylothermus_marinus_F1_genomic	d__Archaea;p__Thermoproteota;c__Thermoproteia;o__Sulfolobales;f__Desulfurococcaceae;g__Staphylothermus;s__Staphylothermus marinus	GCF_000015945.1	95.0	d__Archaea;p__Thermoproteota;c__Thermoproteia;o__Sulfolobales;f__Desulfurococcaceae;g__Staphylothermus;s__Staphylothermus marinus	100.0	1.0	N/A	N/A	N/A	N/A	N/A	N/A	ani_screen	classification based on ANI only	N/A	N/A	N/A	N/A	N/A
Thermococcus_barophilus_CH5_genomic	d__Archaea;p__Methanobacteriota_B;c__Thermococci;o__Thermococcales;f__Thermococcaceae;g__Thermococcus_B;s__Thermococcus_B barophilus	GCF_000151105.2	95.0	d__Archaea;p__Methanobacteriota_B;c__Thermococci;o__Thermococcales;f__Thermococcaceae;g__Thermococcus_B;s__Thermococcus_B barophilus	97.81	0.895	N/A	N/A	N/A	N/A	N/A	N/A	ani_screen	classification based on ANI only	N/A	N/A	N/A	N/A	N/A
Thermococcus_barophilus_MP_genomic	d__Archaea;p__Methanobacteriota_B;c__Thermococci;o__Thermococcales;f__Thermococcaceae;g__Thermococcus_B;s__Thermococcus_B barophilus	GCF_000151105.2	95.0	d__Archaea;p__Methanobacteriota_B;c__Thermococci;o__Thermococcales;f__Thermococcaceae;g__Thermococcus_B;s__Thermococcus_B barophilus	100.0	1.0	N/A	N/A	N/A	N/A	N/A	N/A	ani_screen	classification based on ANI only	N/A	N/A	N/A	N/A	N/A
Thermococcus_eurythermalis_A501_genomic	d__Archaea;p__Methanobacteriota_B;c__Thermococci;o__Thermococcales;f__Thermococcaceae;g__Thermococcus;s__Thermococcus eurythermalis	GCF_000769655.1	95.0	d__Archaea;p__Methanobacteriota_B;c__Thermococci;o__Thermococcales;f__Thermococcaceae;g__Thermococcus;s__Thermococcus eurythermalis	100.0	1.0	N/A	N/A	N/A	N/A	N/A	N/A	ani_screen	classification based on ANI only	N/A	N/A	N/A	N/A	N/A
Thermococcus_gammatolerans_EJ3_genomic	d__Archaea;p__Methanobacteriota_B;c__Thermococci;o__Thermococcales;f__Thermococcaceae;g__Thermococcus;s__Thermococcus gammatolerans	GCF_000022365.1	95.0	d__Archaea;p__Methanobacteriota_B;c__Thermococci;o__Thermococcales;f__Thermococcaceae;g__Thermococcus;s__Thermococcus gammatolerans	100.0	1.0	N/A	N/A	N/A	N/A	N/A	N/A	ani_screen	classification based on ANI only	N/A	N/A	N/A	N/A	N/A
Thermococcus_litoralis_DSM_5473_genomic	d__Archaea;p__Methanobacteriota_B;c__Thermococci;o__Thermococcales;f__Thermococcaceae;g__Thermococcus_A;s__Thermococcus_A litoralis	GCF_000246985.2	95.0	d__Archaea;p__Methanobacteriota_B;c__Thermococci;o__Thermococcales;f__Thermococcaceae;g__Thermococcus_A;s__Thermococcus_A litoralis	100.0	1.0	N/A	N/A	N/A	N/A	N/A	N/A	ani_screen	classification based on ANI only	N/A	N/A	N/A	N/A	N/A
Thermococcus_nautili_strain_30-1_genomic	d__Archaea;p__Methanobacteriota_B;c__Thermococci;o__Thermococcales;f__Thermococcaceae;g__Thermococcus;s__Thermococcus nautili	GCF_000585495.1	95.0	d__Archaea;p__Methanobacteriota_B;c__Thermococci;o__Thermococcales;f__Thermococcaceae;g__Thermococcus;s__Thermococcus nautili	100.0	1.0	N/A	N/A	N/A	N/A	N/A	N/A	ani_screen	classification based on ANI only	N/A	N/A	N/A	N/A	N/A
Thermococcus_onnurineus_NA1_genomic	d__Archaea;p__Methanobacteriota_B;c__Thermococci;o__Thermococcales;f__Thermococcaceae;g__Thermococcus;s__Thermococcus onnurineus	GCF_000018365.1	95.0	d__Archaea;p__Methanobacteriota_B;c__Thermococci;o__Thermococcales;f__Thermococcaceae;g__Thermococcus;s__Thermococcus onnurineus	100.0	1.0	N/A	N/A	N/A	N/A	N/A	N/A	ani_screen	classification based on ANI only	N/A	N/A	N/A	N/A	N/A
Thermococcus_sp_4557_genomic	d__Archaea;p__Methanobacteriota_B;c__Thermococci;o__Thermococcales;f__Thermococcaceae;g__Thermococcus;s__Thermococcus sp000221185	GCF_000221185.1	95.0	d__Archaea;p__Methanobacteriota_B;c__Thermococci;o__Thermococcales;f__Thermococcaceae;g__Thermococcus;s__Thermococcus sp000221185	100.0	1.0	N/A	N/A	N/A	N/A	N/A	N/A	ani_screen	classification based on ANI only	N/A	N/A	N/A	N/A	N/A
Thermococcus_sp_AM4_genomic	d__Archaea;p__Methanobacteriota_B;c__Thermococci;o__Thermococcales;f__Thermococcaceae;g__Thermococcus;s__Thermococcus sp000151205	GCF_000151205.2	95.0	d__Archaea;p__Methanobacteriota_B;c__Thermococci;o__Thermococcales;f__Thermococcaceae;g__Thermococcus;s__Thermococcus sp000151205	100.0	1.0	N/A	N/A	N/A	N/A	N/A	N/A	ani_screen	classification based on ANI only	N/A	N/A	N/A	N/A	N/A
Thermococcus_sp_CDGS_genomic	d__Archaea;p__Methanobacteriota_B;c__Thermococci;o__Thermococcales;f__Thermococcaceae;g__Thermococcus;s__Thermococcus piezophilus	GCF_001647085.1	95.0	d__Archaea;p__Methanobacteriota_B;c__Thermococci;o__Thermococcales;f__Thermococcaceae;g__Thermococcus;s__Thermococcus piezophilus	100.0	1.0	N/A	N/A	N/A	N/A	N/A	N/A	ani_screen	classification based on ANI only	N/A	N/A	N/A	N/A	N/A
Thermococcus_sp_CL1_genomic	d__Archaea;p__Methanobacteriota_B;c__Thermococci;o__Thermococcales;f__Thermococcaceae;g__Thermococcus;s__Thermococcus cleftensis	GCF_000265525.1	95.0	d__Archaea;p__Methanobacteriota_B;c__Thermococci;o__Thermococcales;f__Thermococcaceae;g__Thermococcus;s__Thermococcus cleftensis	100.0	1.0	N/A	N/A	N/A	N/A	N/A	N/A	ani_screen	classification based on ANI only	N/A	N/A	N/A	N/A	N/A
Thermococcus_sp_ES1_genomic	d__Archaea;p__Methanobacteriota_B;c__Thermococci;o__Thermococcales;f__Thermococcaceae;g__Thermococcus_B;s__Thermococcus_B paralvinellae	GCF_000517445.1	95.0	d__Archaea;p__Methanobacteriota_B;c__Thermococci;o__Thermococcales;f__Thermococcaceae;g__Thermococcus_B;s__Thermococcus_B paralvinellae	100.0	0.998	N/A	N/A	N/A	N/A	N/A	N/A	ani_screen	classification based on ANI only	N/A	N/A	N/A	N/A	N/A
Thermoplasma_volcanium_GSS1_genomic	d__Archaea;p__Thermoplasmatota;c__Thermoplasmata;o__Thermoplasmatales;f__Thermoplasmataceae;g__Thermoplasma;s__Thermoplasma volcanium	GCF_000011185.1	95.0	d__Archaea;p__Thermoplasmatota;c__Thermoplasmata;o__Thermoplasmatales;f__Thermoplasmataceae;g__Thermoplasma;s__Thermoplasma volcanium	100.0	0.998	N/A	N/A	N/A	N/A	N/A	N/A	ani_screen	classification based on ANI only	N/A	N/A	N/A	N/A	N/A
haloarchaeon_HSR6_genomic	d__Archaea;p__Halobacteriota;c__Halobacteria;o__Halobacteriales;f__Halobacteriaceae;g__Halodesulfurarchaeum;s__Halodesulfurarchaeum formicicum	GCF_001886955.1	95.0	d__Archaea;p__Halobacteriota;c__Halobacteria;o__Halobacteriales;f__Halobacteriaceae;g__Halodesulfurarchaeum;s__Halodesulfurarchaeum formicicum	100.0	1.0	N/A	N/A	N/A	N/A	N/A	N/A	ani_screen	classification based on ANI only	N/A	N/A	N/A	N/A	N/A
